"phase","task","start","end","completion"
"Administratif","constitution du jury","01/01/23","01/03/23",".5"
"Administratif","Constitution du dossier","01/06/23","01/07/23","0.0"
"Administratif","Préparation Soutenance","15/10/23","01/12/23","0.0"
"Rédaction","Intro","01/01/23","13/03/23",".2"
"Rédaction","GED","13/03/23","10/04/23","0.0"
"Rédaction","GNN","10/03/23","05/06/23",".1"
"Rédaction","Préimage","05/06/23","24/07/23","0.0"
"Rédaction","Discussion","01/09/23","15/09/23","0.0"
"Rédaction","Conclusion","15/09/23","01/10/23","0.0"
